Série;Nota Fiscal;Filial Origem
15;11713;335
15;1587;203
10;1327423;973
10;1327544;973
10;1327600;973
10;1327603;973
10;1327605;973
11;502966;973
11;502967;973
11;502969;973
11;503078;973
12;488976;973
12;489039;973
12;489047;973
12;489050;973
12;489066;973
12;489072;973
12;489074;973
13;460326;973
13;460329;973
13;460331;973
13;460347;973
13;460349;973
13;460350;973
14;462458;973
14;462461;973
14;462463;973
14;462480;973
14;462484;973
14;462490;973
10;1327218;973
10;1327353;973
11;503258;973
12;489310;973
12;489311;973
12;489312;973
12;489313;973
12;489314;973
10;1328087;973
11;503413;973
11;503414;973
11;503415;973
11;503416;973
11;503467;973
13;460799;973
13;460801;973
13;460802;973
14;462849;973
10;1328557;973
10;1328558;973
10;1328563;973
10;1328585;973
10;1328591;973
11;503730;973
11;503761;973
12;489818;973
12;489819;973
12;489822;973
12;489823;973
12;489826;973
10;1328932;973
10;1329219;973
10;1329225;973
11;503876;973
11;503877;973
11;503878;973
11;503879;973
11;503880;973
12;490057;973
12;490156;973
13;461223;973
13;461226;973
13;461227;973
13;461228;973
15;1342;171
15;11791;17
15;1189;226
15;893;235
15;9207;272
15;20447;282
15;18205;290
15;18139;298
15;11209;302
15;24791;3
15;24946;3
15;9736;327
15;11954;346
15;1367;352
16;5755;377
15;13651;380
15;16585;381
15;7834;392
15;23267;40
15;19731;42
15;6548;429
15;4753;435
15;3525;457
15;2326;458
15;2859;483
15;16287;62
15;8671;74
15;11100;75
15;11171;89
10;1329379;973
10;1329758;973
11;504285;973
12;490429;973
12;490430;973
12;490431;973
12;490432;973
12;490433;973
12;490472;973
13;461297;973
13;461302;973
13;461445;973
15;26566;117
15;2499;146
15;1762;153
15;31007;154
15;2230;186
15;7475;198
15;5415;209
15;19356;238
15;18710;248
15;5525;255
15;16704;26
15;10111;299
15;13764;307
15;14240;317
15;24251;319
15;13029;320
15;11860;330
15;13166;337
15;7406;342
15;17828;356
15;17830;356
15;1199;359
15;7685;378
15;7817;392
15;7412;424
15;4267;465
15;3182;471
15;1378;481
15;2138;485
15;1942;490
15;31608;5
15;31610;5
15;15015;54
15;1931;67
15;11113;75
15;13119;87
10;1328477;973
11;504472;973
11;504473;973
11;504474;973
11;504476;973
11;504477;973
11;504523;973
11;504534;973
12;490773;973
12;490789;973
12;490865;973
12;490899;973
13;461698;973
13;461708;973
13;461710;973
13;461711;973
13;461712;973
14;463666;973
15;8703;109
15;18630;121
15;11766;129
15;45109;14
15;45111;14
15;45112;14
15;16119;142
15;10067;155
15;2544;178
15;14173;180
15;11497;193
15;27800;197
15;2573;199
15;2580;199
15;2258;205
15;11926;210
15;2635;227
15;6836;242
16;447;243
15;20473;282
15;8545;283
15;10305;316
15;13034;320
15;13813;349
15;21261;35
15;9034;355
15;16280;360
15;3239;362
15;7986;39
15;13585;395
15;5850;400
15;5996;411
15;6942;4
15;4031;441
15;32106;44
15;32107;44
15;21106;45
15;21109;45
15;21113;45
15;2114;482
15;2865;483
15;1752;494
15;777;495
15;780;495
15;11295;58
15;11296;58
15;10289;86
15;9113;93
10;1330030;973
10;1330031;973
10;1330032;973
10;1330073;973
10;1330499;973
10;1330516;973
10;1330517;973
10;1330518;973
10;1330519;973
10;1330522;973
11;504815;973
11;504821;973
11;504847;973
11;504850;973
12;490994;973
12;491035;973
12;491036;973
12;491037;973
12;491038;973
12;491039;973
12;491040;973
13;461764;973
13;461794;973
13;461797;973
14;463952;973
15;20993;104
15;12396;119
15;19848;138
15;8968;143
15;1743;253
15;9099;361
15;12431;373
15;7937;410
15;2887;41
15;10414;47
15;31596;5
10;1330440;973
11;504926;973
11;504930;973
15;14740;103
15;20995;104
15;19628;141
15;45135;14
15;13313;177
15;27810;197
15;2273;205
15;21390;217
15;14882;236
16;6783;246
15;5491;255
15;1732;257
15;9482;276
15;10121;299
15;9606;313
15;9608;313
15;24263;319
15;23543;328
15;24796;33
15;17840;356
15;9104;361
15;4779;435
15;3224;461
15;2774;464
15;3188;471
15;2111;482
15;2039;484
15;9334;59
15;7492;7
10;1330550;973
10;1330555;973
10;1330652;973
10;1330656;973
10;1330832;973
10;1330839;973
10;1330872;973
10;1330897;973
10;1330903;973
10;1330907;973
10;1330938;973
10;1330939;973
10;1330940;973
10;1330941;973
10;1330942;973
10;1330948;973
10;1330951;973
10;1330963;973
10;1330978;973
10;1330980;973
10;1330981;973
10;1330989;973
10;1331011;973
10;1331015;973
10;1331028;973
10;1331033;973
10;1331068;973
10;1331120;973
10;1331170;973
10;1331181;973
10;1331183;973
10;1331185;973
10;1331191;973
10;1331232;973
11;504954;973
11;504964;973
11;504971;973
11;504991;973
11;504994;973
11;504997;973
11;505002;973
11;505011;973
11;505016;973
11;505029;973
11;505030;973
11;505031;973
11;505032;973
11;505033;973
11;505054;973
11;505067;973
11;505071;973
11;505087;973
11;505118;973
12;490979;973
12;491254;973
12;491269;973
12;491274;973
12;491280;973
12;491285;973
12;491297;973
12;491331;973
12;491368;973
12;491382;973
12;491387;973
12;491436;973
12;491445;973
12;491447;973
13;461997;973
13;462000;973
13;462003;973
13;462004;973
13;462124;973
13;462130;973
13;462133;973
13;462155;973
13;462191;973
13;462193;973
13;462195;973
13;462196;973
13;462197;973
13;462216;973
14;463931;973
14;463937;973
14;463995;973
14;463998;973
14;464015;973
14;464018;973
14;464073;973
14;464087;973
14;464091;973
14;464100;973
14;464113;973
14;464117;973
14;464147;973
14;464231;973
15;29017;10
15;29018;10
15;29020;10
15;29022;10
15;20727;104
15;8459;110
15;11083;11
15;9220;118
15;1999;12
15;10557;123
15;8086;130
15;8087;130
15;10276;134
15;19786;138
15;19787;138
15;19788;138
15;12987;139
15;45158;14
15;45175;14
15;16435;144
15;30795;149
15;17201;156
15;5422;165
15;1517;166
15;18203;170
15;11879;179
15;11475;187
15;11814;188
15;11854;188
15;11321;194
15;2595;199
15;2596;199
15;2603;199
15;1615;203
15;2272;205
15;2279;205
15;7319;206
15;8233;207
15;15418;212
15;21398;217
15;8154;234
15;19379;238
15;19380;238
15;12770;239
15;18740;248
15;18741;248
15;1424;262
15;9170;263
15;9174;263
15;1354;265
15;9488;276
15;1479;277
15;16613;280
15;12692;281
15;13136;28
15;549;291
15;19305;292
15;17475;296
15;8086;300
15;15423;303
15;12555;310
15;14261;311
15;14266;311
15;9139;31
15;9605;313
15;9611;313
15;9612;313
15;14263;317
15;13163;337
15;13165;337
15;13181;337
15;13182;337
15;13256;337
15;11439;340
15;11385;343
15;11425;343
15;21035;345
15;11982;346
16;17643;348
15;16299;360
15;16302;360
15;12435;36
16;11168;368
16;11312;368
16;11313;368
15;9475;370
15;14508;372
15;14510;372
15;12441;373
15;12442;373
15;16509;381
15;16511;381
15;16602;381
15;16604;381
15;12316;387
15;5417;390
15;5418;390
15;7594;391
15;7595;391
15;7596;391
15;7597;391
15;7839;392
15;1985;396
15;1987;396
15;8602;399
15;23305;40
15;3516;404
15;2900;41
15;2904;41
15;4790;412
15;4776;413
15;5936;415
15;7692;416
15;4769;432
15;5267;433
15;1986;452
15;1823;476
15;1545;487
15;2264;488
15;2269;488
15;1402;489
15;1756;494
15;10659;50
15;31671;5
15;20113;53
15;15029;54
15;12741;65
15;9083;66
15;24712;69
15;24814;69
15;9775;76
15;9781;76
16;4679;82
15;10301;86
15;15085;88
15;1465;94
15;1501;94
15;1502;94
15;14621;97
10;1330953;973
10;1330954;973
10;1330955;973
10;1330956;973
10;1330957;973
10;1331291;973
10;1331292;973
10;1331293;973
10;1331294;973
10;1331295;973
10;1331297;973
10;1331298;973
10;1331299;973
10;1331300;973
10;1331302;973
10;1331303;973
10;1331304;973
10;1331305;973
10;1331308;973
10;1331309;973
10;1331310;973
10;1331311;973
10;1331312;973
10;1331313;973
10;1331316;973
10;1331317;973
10;1331318;973
10;1331319;973
10;1331320;973
10;1331321;973
10;1331322;973
10;1331323;973
10;1331324;973
10;1331325;973
10;1331326;973
10;1331330;973
10;1331337;973
10;1331343;973
10;1331344;973
10;1331345;973
10;1331346;973
10;1331350;973
10;1331351;973
10;1331352;973
10;1331353;973
10;1331354;973
10;1331355;973
10;1331360;973
10;1331361;973
10;1331362;973
10;1331363;973
10;1331364;973
10;1331365;973
10;1331382;973
10;1331383;973
10;1331384;973
10;1331388;973
10;1331389;973
10;1331420;973
10;1331421;973
10;1331422;973
10;1331423;973
10;1331424;973
10;1331425;973
10;1331426;973
10;1331427;973
10;1331428;973
10;1331429;973
10;1331445;973
10;1331446;973
10;1331447;973
10;1331448;973
10;1331449;973
10;1331450;973
10;1331456;973
10;1331462;973
10;1331502;973
10;1331503;973
10;1331504;973
10;1331505;973
10;1331506;973
10;1331514;973
10;1331515;973
10;1331516;973
10;1331517;973
10;1331518;973
10;1331521;973
10;1331522;973
10;1331523;973
10;1331524;973
10;1331525;973
10;1331529;973
10;1331530;973
10;1331531;973
10;1331532;973
10;1331533;973
10;1331541;973
10;1331542;973
10;1331543;973
10;1331544;973
10;1331545;973
10;1331553;973
10;1331554;973
10;1331555;973
10;1331556;973
10;1331557;973
10;1331558;973
10;1331581;973
10;1331582;973
10;1331583;973
10;1331585;973
10;1331625;973
10;1331626;973
10;1331627;973
10;1331628;973
10;1331629;973
10;1331630;973
10;1331633;973
10;1331641;973
10;1331642;973
10;1331643;973
10;1331644;973
10;1331646;973
10;1331648;973
10;1331649;973
10;1331650;973
10;1331651;973
10;1331653;973
10;1331655;973
10;1331656;973
10;1331657;973
10;1331658;973
10;1331666;973
10;1331667;973
10;1331668;973
10;1331669;973
10;1331670;973
10;1331671;973
10;1331672;973
10;1331673;973
10;1331690;973
10;1331691;973
10;1331692;973
10;1331693;973
10;1331694;973
10;1331702;973
10;1331705;973
10;1331712;973
10;1331713;973
10;1331714;973
10;1331717;973
10;1331718;973
10;1331719;973
10;1331721;973
10;1331722;973
10;1331723;973
10;1331725;973
10;1331726;973
10;1331727;973
10;1331728;973
10;1331729;973
10;1331731;973
10;1331732;973
10;1331733;973
10;1331734;973
10;1331735;973
10;1331743;973
10;1331752;973
10;1331755;973
10;1331759;973
10;1331783;973
10;1331799;973
10;1331806;973
10;1331807;973
10;1331808;973
10;1331809;973
10;1331810;973
10;1331818;973
10;1331819;973
10;1331820;973
10;1331821;973
10;1331822;973
10;1331823;973
10;1331824;973
10;1331826;973
10;1331827;973
10;1331828;973
10;1331833;973
10;1331834;973
10;1331835;973
10;1331844;973
10;1331845;973
10;1331846;973
10;1331847;973
10;1331848;973
10;1331849;973
10;1331850;973
11;505255;973
11;505258;973
11;505270;973
11;505273;973
11;505291;973
11;505292;973
11;505293;973
11;505294;973
11;505296;973
11;505298;973
11;505299;973
11;505300;973
11;505301;973
11;505302;973
11;505303;973
11;505304;973
11;505305;973
11;505315;973
11;505316;973
11;505317;973
11;505318;973
11;505319;973
11;505320;973
11;505321;973
11;505322;973
11;505323;973
11;505324;973
11;505325;973
11;505326;973
11;505334;973
11;505335;973
11;505336;973
11;505337;973
11;505338;973
11;505339;973
11;505342;973
11;505343;973
11;505344;973
11;505345;973
11;505346;973
11;505347;973
11;505367;973
11;505368;973
11;505369;973
11;505370;973
11;505371;973
11;505372;973
11;505373;973
11;505378;973
11;505381;973
11;505382;973
11;505383;973
11;505384;973
11;505385;973
11;505387;973
11;505388;973
11;505389;973
11;505390;973
11;505391;973
11;505392;973
11;505407;973
11;505408;973
11;505409;973
11;505410;973
11;505411;973
11;505412;973
11;505425;973
11;505444;973
11;505445;973
11;505447;973
11;505448;973
11;505449;973
11;505450;973
11;505452;973
11;505453;973
11;505454;973
11;505455;973
11;505456;973
11;505457;973
11;505459;973
11;505460;973
11;505461;973
11;505462;973
11;505463;973
11;505472;973
11;505473;973
11;505474;973
11;505475;973
11;505476;973
11;505477;973
11;505479;973
11;505480;973
11;505481;973
11;505482;973
11;505483;973
11;505484;973
11;505485;973
11;505486;973
11;505487;973
11;505488;973
11;505490;973
11;505492;973
11;505493;973
11;505494;973
11;505495;973
11;505496;973
11;505497;973
12;491236;973
12;491237;973
12;491238;973
12;491240;973
12;491528;973
12;491531;973
12;491532;973
12;491533;973
12;491534;973
12;491535;973
12;491536;973
12;491542;973
12;491547;973
12;491549;973
12;491558;973
12;491561;973
12;491562;973
12;491563;973
12;491564;973
12;491566;973
12;491574;973
12;491575;973
12;491576;973
12;491577;973
12;491578;973
12;491588;973
12;491596;973
12;491598;973
12;491605;973
12;491607;973
12;491608;973
12;491609;973
12;491610;973
12;491614;973
12;491626;973
12;491628;973
12;491629;973
12;491630;973
12;491631;973
12;491632;973
12;491649;973
12;491656;973
12;491657;973
12;491658;973
12;491659;973
12;491660;973
12;491677;973
12;491713;973
12;491716;973
12;491717;973
12;491718;973
12;491719;973
12;491720;973
12;491721;973
12;491752;973
12;491753;973
12;491777;973
12;491778;973
12;491779;973
12;491780;973
12;491781;973
12;491782;973
12;491784;973
12;491785;973
12;491786;973
12;491787;973
12;491788;973
12;491789;973
12;491790;973
12;491792;973
12;491793;973
12;491794;973
12;491795;973
12;491796;973
12;491798;973
12;491799;973
12;491800;973
12;491801;973
12;491802;973
12;491804;973
12;491805;973
12;491806;973
12;491807;973
12;491808;973
12;491810;973
12;491811;973
12;491812;973
12;491813;973
12;491814;973
12;491821;973
12;491822;973
12;491824;973
12;491825;973
12;491826;973
12;491828;973
12;491829;973
12;491831;973
12;491832;973
12;491835;973
12;491836;973
12;491837;973
12;491838;973
12;491839;973
12;491840;973
12;491841;973
12;491842;973
12;491843;973
12;491844;973
13;462068;973
13;462225;973
13;462242;973
13;462252;973
13;462261;973
13;462263;973
13;462269;973
13;462270;973
13;462271;973
13;462272;973
13;462273;973
13;462274;973
13;462289;973
13;462290;973
13;462291;973
13;462292;973
13;462293;973
13;462294;973
13;462296;973
13;462297;973
13;462298;973
13;462299;973
13;462300;973
13;462301;973
13;462316;973
13;462317;973
13;462318;973
13;462319;973
13;462321;973
13;462330;973
13;462332;973
13;462337;973
13;462338;973
13;462339;973
13;462340;973
13;462341;973
13;462342;973
13;462344;973
13;462345;973
13;462346;973
13;462347;973
13;462349;973
13;462365;973
13;462366;973
13;462367;973
13;462368;973
13;462369;973
13;462371;973
13;462372;973
13;462373;973
13;462374;973
13;462375;973
13;462394;973
13;462397;973
13;462398;973
13;462400;973
13;462401;973
13;462402;973
13;462403;973
13;462406;973
13;462407;973
13;462408;973
13;462409;973
13;462410;973
13;462411;973
13;462412;973
13;462413;973
13;462414;973
13;462415;973
13;462416;973
13;462417;973
13;462418;973
13;462419;973
13;462422;973
13;462423;973
13;462424;973
13;462425;973
13;462426;973
13;462427;973
13;462447;973
13;462448;973
13;462449;973
13;462450;973
13;462451;973
13;462452;973
13;462453;973
14;457074;973
14;463153;973
14;464006;973
14;464009;973
14;464251;973
14;464252;973
14;464253;973
14;464254;973
14;464256;973
14;464257;973
14;464258;973
14;464259;973
14;464260;973
14;464274;973
14;464275;973
14;464276;973
14;464277;973
14;464278;973
14;464296;973
14;464297;973
14;464298;973
14;464299;973
14;464300;973
14;464301;973
14;464302;973
14;464303;973
14;464304;973
14;464305;973
14;464306;973
14;464307;973
14;464308;973
14;464317;973
14;464318;973
14;464319;973
14;464320;973
14;464321;973
14;464323;973
14;464324;973
14;464325;973
14;464326;973
14;464327;973
14;464331;973
14;464332;973
14;464375;973
14;464378;973
14;464388;973
14;464400;973
14;464401;973
14;464402;973
14;464403;973
14;464405;973
14;464406;973
14;464407;973
14;464408;973
14;464410;973
14;464411;973
15;28799;10
15;2078;102
15;14908;108
15;1934;114
15;10997;1
15;18652;121
15;18653;121
15;10560;123
15;8927;125
15;1334;131
15;1354;13
15;9981;133
15;552;137
15;12926;139
15;12927;139
15;16437;144
15;2402;148
15;2410;148
15;30804;149
15;14547;152
15;31042;154
15;17203;156
15;3513;159
15;3526;159
15;3365;162
15;3381;162
15;3383;162
15;1494;164
15;4674;168
15;18207;170
15;11465;176
15;11468;176
15;11548;176
15;11551;176
15;11552;176
15;11554;176
15;2552;178
15;8591;191
15;11511;193
15;7457;198
15;7458;198
15;7466;198
15;15469;201
15;2238;21
15;2269;21
15;1440;214
15;21272;217
15;14289;218
15;14896;236
15;11443;241
15;7537;245
16;6801;246
15;18745;248
15;1663;253
15;1183;256
15;1427;262
15;2134;264
15;8637;274
15;17481;296
15;17484;296
15;8091;300
15;2219;304
15;13777;307
15;13779;307
15;13781;307
15;13783;307
15;12556;310
15;12557;310
15;9143;31
15;3844;312
15;24993;3
15;24998;3
15;12483;322
15;12485;322
15;12487;322
15;12488;322
15;12489;322
15;24816;33
15;11838;335
15;7402;34
15;21039;345
15;21282;35
15;9041;355
15;9042;355
15;9043;355
15;17853;356
15;16330;358
15;16334;358
15;16335;358
15;16336;358
15;16337;358
15;16395;358
15;16396;358
15;1212;359
15;1213;359
16;11310;368
15;12048;369
15;12049;369
15;12051;369
15;9660;371
15;13681;380
15;16510;381
15;16512;381
15;16603;381
15;16606;381
16;6857;394
15;2907;41
15;4777;413
15;4778;413
15;4402;414
15;6950;4
15;4788;421
15;7497;424
15;5728;427
15;5733;427
15;4681;430
15;4776;432
15;5270;433
15;21138;45
15;2794;460
15;1748;474
15;1355;481
15;1356;481
15;2470;488
15;726;495
15;1826;496
15;1853;496
15;1854;496
15;1855;496
15;1860;496
15;31664;5
15;31683;5
15;20122;53
15;20123;53
15;11303;58
15;8533;6
15;8535;6
15;8536;6
15;12739;65
15;32610;72
15;17864;73
15;9728;76
15;11793;79
15;16696;8
15;16697;8
15;11191;89
15;11147;90
15;9130;93
15;14623;97
10;1314862;973
10;1314980;973
10;1314982;973
10;1316266;973
10;1330858;973
10;1330859;973
10;1330860;973
10;1330861;973
10;1330862;973
10;1331271;973
10;1331272;973
10;1331273;973
10;1331274;973
10;1331275;973
10;1331278;973
10;1331279;973
10;1331280;973
10;1331281;973
10;1331282;973
10;1331284;973
10;1331285;973
10;1331286;973
10;1331287;973
10;1331288;973
10;1331340;973
10;1331341;973
10;1331342;973
10;1331349;973
10;1331366;973
10;1331367;973
10;1331368;973
10;1331369;973
10;1331370;973
10;1331371;973
10;1331373;973
10;1331374;973
10;1331375;973
10;1331376;973
10;1331377;973
10;1331378;973
10;1331379;973
10;1331380;973
10;1331381;973
10;1331390;973
10;1331391;973
10;1331392;973
10;1331393;973
10;1331394;973
10;1331395;973
10;1331396;973
10;1331397;973
10;1331398;973
10;1331399;973
10;1331402;973
10;1331403;973
10;1331404;973
10;1331405;973
10;1331406;973
10;1331408;973
10;1331409;973
10;1331410;973
10;1331411;973
10;1331412;973
10;1331414;973
10;1331415;973
10;1331416;973
10;1331417;973
10;1331418;973
10;1331433;973
10;1331435;973
10;1331436;973
10;1331437;973
10;1331438;973
10;1331439;973
10;1331440;973
10;1331441;973
10;1331442;973
10;1331451;973
10;1331452;973
10;1331453;973
10;1331454;973
10;1331455;973
10;1331812;973
10;1331813;973
10;1331814;973
10;1331815;973
10;1331816;973
10;1331854;973
10;1331855;973
10;1331856;973
10;1331857;973
10;1331859;973
10;1331860;973
10;1331861;973
10;1331862;973
10;1331864;973
10;1331865;973
10;1331866;973
10;1331867;973
10;1331874;973
10;1331875;973
10;1331876;973
10;1331877;973
10;1331880;973
10;1331881;973
10;1331882;973
10;1331883;973
10;1331884;973
10;1331885;973
10;1331886;973
10;1331887;973
10;1331890;973
10;1331891;973
10;1331892;973
10;1331893;973
10;1331894;973
10;1331896;973
10;1331897;973
10;1331898;973
10;1331900;973
10;1331901;973
10;1331903;973
10;1331904;973
10;1331905;973
10;1331906;973
10;1331908;973
10;1331909;973
10;1331910;973
10;1331912;973
10;1331913;973
10;1331914;973
10;1331915;973
10;1331918;973
10;1331919;973
10;1331920;973
10;1331921;973
10;1331922;973
10;1331923;973
10;1331926;973
10;1331927;973
10;1331928;973
10;1331929;973
10;1331930;973
10;1331931;973
10;1331932;973
10;1331933;973
10;1331935;973
10;1331936;973
10;1331937;973
10;1331939;973
10;1331941;973
10;1331942;973
10;1331943;973
10;1331944;973
10;1331946;973
10;1331948;973
10;1331949;973
10;1331950;973
10;1331951;973
10;1331953;973
10;1331954;973
10;1331955;973
10;1331956;973
10;1331957;973
10;1331958;973
10;1331959;973
10;1331960;973
10;1331961;973
10;1331964;973
10;1331965;973
10;1331966;973
10;1331967;973
10;1331968;973
10;1331972;973
10;1331973;973
10;1331974;973
10;1331975;973
10;1331976;973
10;1331978;973
10;1331979;973
10;1331980;973
10;1331989;973
10;1331990;973
10;1331991;973
10;1331992;973
10;1331993;973
10;1331994;973
10;1331995;973
10;1331998;973
10;1331999;973
10;1332005;973
10;1332006;973
10;1332007;973
10;1332008;973
10;1332011;973
10;1332012;973
10;1332013;973
10;1332014;973
10;1332015;973
10;1332017;973
10;1332018;973
10;1332019;973
10;1332020;973
10;1332024;973
10;1332025;973
10;1332026;973
10;1332027;973
10;1332028;973
10;1332029;973
10;1332032;973
10;1332033;973
10;1332034;973
10;1332035;973
10;1332036;973
10;1332038;973
10;1332039;973
10;1332040;973
10;1332041;973
10;1332042;973
10;1332043;973
10;1332044;973
10;1332046;973
10;1332047;973
10;1332048;973
10;1332049;973
10;1332050;973
10;1332051;973
10;1332053;973
10;1332054;973
10;1332055;973
10;1332056;973
10;1332057;973
10;1332058;973
10;1332059;973
10;1332060;973
10;1332062;973
10;1332063;973
10;1332064;973
10;1332065;973
10;1332066;973
10;1332067;973
10;1332069;973
10;1332070;973
10;1332071;973
10;1332072;973
10;1332073;973
10;1332075;973
10;1332076;973
10;1332077;973
10;1332078;973
10;1332079;973
10;1332082;973
10;1332083;973
10;1332084;973
10;1332085;973
10;1332087;973
10;1332088;973
10;1332089;973
10;1332090;973
10;1332091;973
10;1332092;973
10;1332094;973
10;1332095;973
10;1332096;973
10;1332097;973
10;1332098;973
10;1332099;973
10;1332100;973
10;1332102;973
10;1332103;973
10;1332104;973
10;1332105;973
10;1332106;973
10;1332108;973
10;1332109;973
10;1332110;973
10;1332111;973
10;1332112;973
10;1332113;973
10;1332115;973
10;1332116;973
10;1332117;973
10;1332118;973
10;1332119;973
10;1332121;973
10;1332122;973
10;1332123;973
10;1332124;973
10;1332125;973
10;1332126;973
10;1332127;973
10;1332128;973
10;1332130;973
10;1332131;973
10;1332133;973
10;1332134;973
10;1332135;973
10;1332136;973
10;1332137;973
10;1332140;973
10;1332141;973
10;1332142;973
10;1332143;973
10;1332144;973
10;1332145;973
10;1332146;973
10;1332147;973
10;1332148;973
10;1332150;973
10;1332151;973
10;1332152;973
10;1332153;973
10;1332154;973
10;1332155;973
10;1332156;973
10;1332163;973
10;1332164;973
10;1332165;973
10;1332167;973
10;1332168;973
10;1332170;973
10;1332171;973
10;1332172;973
10;1332173;973
10;1332174;973
10;1332175;973
10;1332176;973
10;1332178;973
10;1332179;973
10;1332180;973
10;1332181;973
10;1332182;973
10;1332185;973
10;1332186;973
10;1332187;973
10;1332188;973
10;1332189;973
10;1332190;973
10;1332191;973
10;1332193;973
10;1332194;973
10;1332195;973
10;1332196;973
10;1332197;973
10;1332200;973
10;1332201;973
10;1332202;973
10;1332203;973
10;1332204;973
10;1332205;973
10;1332206;973
11;505262;973
11;505263;973
11;505264;973
11;505265;973
11;505266;973
11;505280;973
11;505281;973
11;505282;973
11;505283;973
11;505284;973
11;505286;973
11;505287;973
11;505288;973
11;505289;973
11;505290;973
11;505499;973
11;505500;973
11;505501;973
11;505502;973
11;505503;973
11;505504;973
11;505506;973
11;505507;973
11;505508;973
11;505512;973
11;505513;973
11;505514;973
11;505515;973
11;505516;973
11;505517;973
11;505518;973
11;505519;973
11;505520;973
11;505523;973
11;505524;973
11;505525;973
11;505526;973
11;505534;973
11;505535;973
11;505536;973
11;505537;973
11;505549;973
11;505550;973
11;505551;973
11;505552;973
11;505553;973
11;505554;973
11;505556;973
11;505557;973
11;505558;973
11;505559;973
11;505560;973
11;505562;973
11;505563;973
11;505564;973
11;505565;973
11;505566;973
11;505569;973
11;505570;973
11;505571;973
11;505572;973
11;505573;973
11;505574;973
11;505575;973
11;505576;973
11;505577;973
11;505578;973
11;505579;973
11;505580;973
11;505582;973
11;505583;973
11;505584;973
11;505585;973
11;505586;973
11;505587;973
11;505589;973
11;505590;973
11;505591;973
11;505592;973
11;505593;973
11;505596;973
11;505597;973
11;505598;973
11;505599;973
11;505600;973
11;505601;973
11;505603;973
11;505604;973
11;505605;973
11;505606;973
11;505607;973
11;505608;973
11;505610;973
11;505611;973
11;505612;973
11;505613;973
11;505615;973
11;505616;973
11;505617;973
11;505618;973
11;505619;973
11;505620;973
11;505622;973
11;505623;973
11;505624;973
11;505625;973
11;505626;973
11;505628;973
11;505630;973
11;505631;973
11;505632;973
11;505635;973
11;505636;973
11;505637;973
11;505638;973
11;505639;973
11;505640;973
11;505641;973
11;505644;973
11;505645;973
11;505646;973
11;505647;973
11;505648;973
11;505649;973
11;505650;973
11;505651;973
11;505652;973
11;505653;973
11;505654;973
11;505655;973
11;505656;973
11;505657;973
11;505658;973
11;505659;973
11;505661;973
11;505662;973
11;505664;973
11;505665;973
11;505666;973
11;505667;973
11;505668;973
11;505669;973
11;505670;973
11;505671;973
11;505674;973
11;505675;973
11;505676;973
11;505677;973
11;505678;973
11;505679;973
11;505680;973
11;505682;973
11;505683;973
11;505684;973
11;505685;973
11;505686;973
11;505687;973
11;505689;973
11;505690;973
11;505691;973
11;505692;973
11;505693;973
11;505694;973
11;505695;973
11;505696;973
11;505697;973
11;505698;973
11;505699;973
11;505701;973
11;505704;973
11;505705;973
11;505706;973
11;505707;973
11;505708;973
11;505709;973
11;505711;973
11;505713;973
11;505714;973
11;505715;973
11;505716;973
11;505718;973
11;505719;973
11;505720;973
11;505721;973
11;505722;973
11;505723;973
12;491538;973
12;491697;973
12;491698;973
12;491699;973
12;491700;973
12;491701;973
12;491702;973
12;491846;973
12;491847;973
12;491848;973
12;491849;973
12;491850;973
12;491851;973
12;491853;973
12;491854;973
12;491855;973
12;491856;973
12;491857;973
12;491858;973
12;491861;973
12;491862;973
12;491863;973
12;491864;973
12;491866;973
12;491867;973
12;491868;973
12;491869;973
12;491870;973
12;491872;973
12;491873;973
12;491874;973
12;491875;973
12;491876;973
12;491879;973
12;491880;973
12;491881;973
12;491882;973
12;491883;973
12;491885;973
12;491886;973
12;491887;973
12;491888;973
12;491889;973
12;491891;973
12;491892;973
12;491893;973
12;491894;973
12;491895;973
12;491896;973
12;491898;973
12;491899;973
12;491900;973
12;491901;973
12;491902;973
12;491903;973
12;491904;973
12;491905;973
12;491906;973
12;491907;973
12;491908;973
12;491911;973
12;491912;973
12;491913;973
12;491914;973
12;491915;973
12;491916;973
12;491917;973
12;491918;973
12;491919;973
12;491921;973
12;491922;973
12;491923;973
12;491925;973
12;491926;973
12;491927;973
12;491928;973
12;491931;973
12;491932;973
12;491933;973
12;491934;973
12;491935;973
12;491937;973
12;491938;973
12;491939;973
12;491940;973
12;491941;973
12;491942;973
12;491944;973
12;491946;973
12;491947;973
12;491948;973
12;491949;973
12;491950;973
12;491951;973
12;491952;973
12;491953;973
12;491954;973
12;491956;973
12;491957;973
12;491958;973
12;491959;973
12;491960;973
12;491961;973
12;491962;973
12;491963;973
12;491965;973
12;491966;973
12;491967;973
12;491968;973
12;491969;973
12;491970;973
12;491972;973
12;491973;973
12;491974;973
12;491975;973
12;491976;973
12;491977;973
12;491979;973
12;491980;973
12;491981;973
12;491982;973
12;491983;973
12;491984;973
12;491985;973
12;491987;973
12;491988;973
12;491989;973
12;491990;973
12;491991;973
12;491992;973
12;491993;973
12;491995;973
12;491996;973
12;491997;973
12;491998;973
12;491999;973
12;492000;973
12;492001;973
12;492003;973
12;492004;973
12;492005;973
12;492006;973
12;492007;973
12;492009;973
12;492010;973
12;492011;973
12;492012;973
12;492013;973
12;492015;973
12;492016;973
12;492017;973
12;492018;973
12;492019;973
12;492020;973
12;492021;973
12;492023;973
12;492025;973
12;492026;973
12;492027;973
13;462323;973
13;462324;973
13;462325;973
13;462326;973
13;462327;973
13;462328;973
13;462455;973
13;462456;973
13;462457;973
13;462458;973
13;462460;973
13;462461;973
13;462462;973
13;462463;973
13;462464;973
13;462466;973
13;462467;973
13;462468;973
13;462469;973
13;462470;973
13;462471;973
13;462472;973
13;462473;973
13;462475;973
13;462476;973
13;462477;973
13;462478;973
13;462488;973
13;462489;973
13;462490;973
13;462491;973
13;462492;973
13;462493;973
13;462495;973
13;462496;973
13;462497;973
13;462498;973
13;462499;973
13;462500;973
13;462501;973
13;462503;973
13;462504;973
13;462505;973
13;462506;973
13;462507;973
13;462509;973
13;462510;973
13;462511;973
13;462512;973
13;462513;973
13;462514;973
13;462516;973
13;462517;973
13;462518;973
13;462519;973
13;462520;973
13;462521;973
13;462522;973
13;462523;973
13;462524;973
13;462525;973
13;462527;973
13;462528;973
13;462529;973
13;462538;973
13;462539;973
13;462540;973
13;462541;973
13;462542;973
13;462543;973
13;462545;973
13;462546;973
13;462547;973
13;462548;973
13;462549;973
13;462550;973
13;462551;973
13;462553;973
13;462554;973
13;462555;973
13;462556;973
13;462557;973
13;462558;973
13;462559;973
13;462560;973
13;462561;973
13;462562;973
13;462563;973
13;462565;973
13;462566;973
13;462567;973
13;462568;973
13;462569;973
13;462570;973
13;462572;973
13;462575;973
13;462576;973
13;462577;973
13;462578;973
13;462579;973
13;462580;973
13;462581;973
13;462583;973
13;462584;973
13;462585;973
13;462586;973
13;462587;973
13;462589;973
13;462590;973
13;462591;973
13;462592;973
13;462593;973
13;462594;973
13;462595;973
13;462597;973
13;462598;973
13;462599;973
13;462600;973
13;462601;973
13;462602;973
13;462604;973
13;462605;973
13;462606;973
13;462607;973
13;462608;973
13;462609;973
13;462611;973
13;462612;973
13;462613;973
13;462614;973
13;462615;973
13;462616;973
13;462617;973
13;462618;973
14;464268;973
14;464269;973
14;464270;973
14;464271;973
14;464272;973
14;464287;973
14;464288;973
14;464289;973
14;464290;973
14;464291;973
14;464292;973
14;464293;973
14;464412;973
14;464413;973
14;464415;973
14;464416;973
14;464419;973
14;464421;973
14;464422;973
14;464423;973
14;464424;973
14;464426;973
14;464427;973
14;464428;973
14;464429;973
14;464430;973
14;464431;973
14;464432;973
14;464433;973
14;464435;973
14;464436;973
14;464437;973
14;464439;973
14;464440;973
14;464441;973
14;464442;973
14;464443;973
14;464444;973
14;464454;973
14;464455;973
14;464456;973
14;464457;973
14;464458;973
14;464459;973
14;464461;973
14;464462;973
14;464463;973
14;464464;973
14;464465;973
14;464466;973
14;464467;973
14;464469;973
14;464470;973
14;464471;973
14;464472;973
14;464473;973
14;464475;973
14;464476;973
14;464477;973
14;464478;973
14;464479;973
14;464480;973
14;464482;973
14;464483;973
14;464484;973
14;464485;973
14;464486;973
14;464487;973
14;464489;973
14;464490;973
14;464491;973
14;464492;973
14;464493;973
14;464494;973
14;464495;973
14;464497;973
14;464498;973
14;464499;973
14;464500;973
14;464501;973
14;464509;973
14;464510;973
14;464512;973
14;464513;973
14;464514;973
14;464515;973
14;464516;973
14;464517;973
14;464518;973
14;464519;973
14;464520;973
14;464522;973
14;464523;973
14;464524;973
14;464525;973
14;464526;973
14;464527;973
14;464528;973
14;464529;973
14;464530;973
14;464531;973
14;464533;973
14;464534;973
14;464535;973
14;464536;973
14;464538;973
14;464539;973
14;464540;973
14;464541;973
14;464542;973
14;464543;973
14;464545;973
14;464546;973
14;464547;973
14;464548;973
14;464549;973
14;464550;973
14;464552;973
14;464553;973
14;464554;973
14;464555;973
14;464556;973
14;464557;973
14;464558;973
14;464567;973
14;464568;973
14;464569;973
14;464570;973
14;464571;973
14;464572;973
14;464573;973
15;7765;99
15;7812;99
15;7813;99
15;7814;99
15;7815;99
15;10998;1
15;8930;126
15;7871;161
15;7874;161
15;18208;170
15;8092;184
15;11189;192
15;11194;192
15;11944;210
15;2272;21
15;2273;21
15;13884;2
15;13933;2
15;14248;252
15;14250;252
15;2013;264
15;2125;264
15;2126;264
15;20498;282
15;15258;295
15;2223;304
15;24996;3
15;1507;333
15;13829;349
15;1385;352
15;8555;6
15;9798;76
15;16700;8
15;16701;8
15;11144;90
15;11145;90
10;1331868;973
10;1331869;973
10;1331872;973
10;1331873;973
10;1331981;973
10;1331983;973
10;1331984;973
10;1331988;973
11;505529;973
11;505531;973
11;505532;973
11;505533;973
15;15203;101
15;28923;10
15;29034;10
15;29035;10
15;29036;10
15;14750;103
15;14751;103
15;14752;103
15;21010;104
15;21012;104
15;21013;104
15;10020;105
15;10022;105
15;16852;106
15;16854;106
15;16855;106
15;15039;108
15;8469;110
15;11130;11
15;10536;112
15;7395;113
15;7396;113
15;7397;113
15;1939;114
15;11006;1
15;11007;1
15;11008;1
15;12567;115
15;26635;117
15;26640;117
15;12410;119
15;12417;119
15;18657;121
15;18666;121
15;18668;121
15;18673;121
15;1573;122
15;10561;123
15;10562;123
15;10563;123
15;8922;125
15;8933;126
15;8934;126
15;8936;126
15;9039;127
15;9040;127
15;11791;129
15;8153;130
15;1352;13
15;10321;132
15;10281;134
15;568;137
15;19682;141
15;19683;141
15;45197;14
15;45208;14
15;45210;14
15;45218;14
15;16134;142
15;16136;142
15;8984;143
15;2521;146
15;30793;149
15;30807;149
15;30809;149
15;30811;149
15;30812;149
15;30813;149
15;30814;149
15;30815;149
15;30816;149
15;30817;149
15;14550;152
15;31043;154
15;31044;154
15;31049;154
15;31050;154
15;31051;154
15;10082;155
15;10087;155
15;17150;156
15;17204;156
15;4244;157
15;2299;158
15;3530;159
15;3531;159
15;3532;159
15;3390;162
15;3391;162
15;3392;162
15;3393;162
15;3394;162
15;3395;162
15;1502;164
15;1503;164
15;5430;165
15;5440;165
15;14612;167
15;4685;168
15;4686;168
15;4687;168
15;18209;170
15;18211;170
15;14274;173
15;14275;173
15;14276;173
15;11549;176
15;11559;176
15;13333;177
15;13335;177
15;2565;178
15;2566;178
15;11874;179
15;11877;179
15;11884;179
15;11886;179
15;11888;179
15;11889;179
15;12803;18
15;12804;18
15;12805;18
15;7339;182
15;7340;182
15;7341;182
15;7342;182
15;7343;182
15;8111;184
15;8114;184
15;2248;186
15;2251;186
15;2257;186
15;2258;186
15;2262;186
15;11482;187
15;11484;187
15;11862;188
15;11196;192
15;11197;192
15;11513;193
15;11514;193
15;11326;194
15;27848;197
15;27849;197
15;2610;199
15;2613;199
15;2616;199
15;14592;200
15;14595;200
15;14597;200
15;14598;200
15;14599;200
15;2377;202
15;1607;203
15;7054;204
15;2294;205
15;2295;205
15;2296;205
15;2299;205
15;7232;206
15;8236;207
15;8237;207
15;16151;208
15;16152;208
15;5432;209
15;5485;209
15;5487;209
15;5488;209
15;5489;209
15;5490;209
15;5491;209
15;5492;209
15;5493;209
15;5494;209
15;5498;209
15;5499;209
15;11940;210
15;11945;210
15;11946;210
15;11947;210
15;12953;211
15;2279;21
15;15424;212
15;15425;212
15;1450;214
15;13920;2
15;13938;2
15;13942;2
15;9408;215
15;9410;215
15;7161;216
15;7162;216
15;21402;217
15;21404;217
15;21405;217
15;21406;217
15;21407;217
15;8400;219
15;8418;220
15;14583;22
15;14589;22
15;14592;22
15;10462;222
15;3527;223
15;8379;225
15;2654;227
15;2656;227
15;2657;227
15;2660;227
15;1223;231
15;1224;231
15;1225;231
15;1229;231
15;27806;23
15;27807;23
15;27808;23
15;27809;23
15;27810;23
15;7731;233
15;8158;234
15;949;235
15;952;235
15;953;235
15;955;235
15;14900;236
15;14910;236
15;14912;236
15;19350;238
15;19390;238
15;12728;239
15;12778;239
15;11447;241
15;2588;24
15;2609;24
16;466;243
15;24796;244
15;24800;244
15;24802;244
15;24803;244
16;6805;246
15;18755;248
15;18758;248
15;14158;249
15;14160;249
15;1526;251
15;1528;251
15;1529;251
15;6399;25
15;6401;25
15;1754;253
15;1769;253
15;11312;254
15;1743;257
15;1744;257
15;1745;257
15;6104;258
15;6106;258
15;2827;261
15;2828;261
15;2829;261
15;1432;262
15;1433;262
15;9177;263
15;9178;263
15;2011;264
15;2035;264
15;2051;264
15;2141;264
15;2143;264
15;2144;264
15;1189;266
15;1190;266
15;1196;266
15;1516;268
15;8266;269
15;8776;270
15;13559;271
15;13560;271
15;2980;27
15;2981;27
15;2982;27
15;2984;27
15;3018;27
15;935;273
15;8641;274
15;8642;274
15;8643;274
15;11403;275
15;9486;276
15;9493;276
15;7191;278
15;7212;278
15;7294;279
15;7295;279
15;12676;281
15;12693;281
15;12696;281
15;12698;281
15;12699;281
15;20494;282
15;20499;282
15;20500;282
15;20501;282
15;20502;282
15;20503;282
15;8573;283
15;8574;283
15;7224;284
15;15466;285
15;15469;285
15;12645;286
15;12647;286
15;630;289
15;19327;292
15;19328;292
15;19329;292
15;19330;292
15;19331;292
15;7516;294
15;15253;295
15;15254;295
15;15260;295
15;7469;297
15;18178;298
15;10131;299
15;10132;299
15;8103;300
15;11229;302
15;15417;303
15;15418;303
15;15434;303
15;15435;303
15;15437;303
15;2189;304
15;2220;304
15;2227;304
15;2228;304
15;2230;304
15;16342;306
15;16345;306
15;13787;307
15;10082;308
15;10083;308
15;14271;311
15;14277;311
15;14279;311
15;14280;311
15;14284;311
15;3847;312
15;3848;312
15;3850;312
15;9624;313
15;25008;3
15;25009;3
15;25011;3
15;25013;3
15;10321;316
15;14270;317
15;14271;317
15;7693;318
15;24290;319
15;13050;320
15;13051;320
15;13052;320
15;18050;32
15;18063;32
15;18066;32
15;18067;32
15;18069;32
15;12492;322
15;12493;322
15;12494;322
15;12495;322
15;12496;322
15;12497;322
15;13808;325
15;13817;325
15;19681;326
15;19685;326
15;19691;326
15;23566;328
15;8901;329
15;11874;330
15;24792;33
15;24825;33
15;24826;33
15;1509;333
15;1510;333
15;11146;334
15;11190;334
15;11191;334
15;11842;335
15;11843;335
15;11844;335
15;11845;335
15;13268;337
15;13270;337
15;10884;339
15;11445;340
15;7452;341
15;11370;343
15;21041;345
15;21048;345
15;21049;345
15;21051;345
15;21052;345
15;21053;345
15;21054;345
15;21057;345
15;11993;346
15;11994;346
15;10522;347
15;10527;347
15;10528;347
16;17664;348
16;17665;348
16;17666;348
16;17667;348
16;17668;348
16;17669;348
16;17670;348
15;13831;349
15;2765;350
15;2771;350
15;2773;350
16;11105;351
16;11106;351
15;21285;35
15;21286;35
15;1386;352
15;9046;355
15;17857;356
15;21900;357
15;21901;357
15;21902;357
15;21904;357
15;21906;357
15;21907;357
15;21908;357
15;21909;357
15;16400;358
15;16402;358
15;1159;359
15;16298;360
15;16310;360
15;16312;360
15;16313;360
15;16314;360
15;9106;361
15;12445;36
15;3251;362
15;9891;365
15;10005;366
16;11324;368
16;11326;368
16;11328;368
16;11331;368
16;11332;368
16;11333;368
16;11335;368
15;12055;369
15;12056;369
15;9481;370
15;9483;370
15;9662;371
15;9663;371
15;9976;37
15;14519;372
15;14520;372
15;12455;373
15;12456;373
15;7010;376
16;5776;377
15;7697;378
15;7700;378
15;7701;378
15;12339;379
15;12340;379
15;13677;380
15;13685;380
15;13686;380
15;13687;380
15;13688;380
15;16616;381
15;1808;38
15;1810;38
15;6289;386
15;12321;387
15;12322;387
15;9068;388
15;9069;388
15;8490;389
15;8531;389
15;8536;389
15;8537;389
15;7641;391
15;8005;39
15;8006;39
15;8008;39
15;7811;392
15;7813;392
15;7814;392
15;7837;392
15;7838;392
15;7841;392
15;7842;392
15;7843;392
15;7844;392
16;6858;394
15;8607;399
15;5873;400
15;23321;40
15;23322;40
15;972;407
15;973;407
15;974;407
15;7724;409
15;6006;411
15;4408;414
15;4413;414
15;6966;4
15;6967;4
15;6968;4
15;6850;417
15;6851;417
15;6852;417
15;4025;420
15;4031;420
15;4801;421
15;19563;42
15;19773;42
16;5686;422
16;5687;422
15;7502;424
15;5072;425
15;5739;427
15;4683;430
15;4684;430
15;7790;43
15;4779;432
15;4780;432
15;4402;434
15;4791;435
15;5005;437
15;4626;438
15;4051;441
15;4052;441
15;4054;441
15;4055;441
15;4057;441
15;32137;44
15;3857;442
15;3762;448
15;3387;450
15;21146;45
15;21156;45
15;1914;452
15;2009;452
15;4069;456
15;2340;458
15;3230;461
15;3236;461
15;11527;46
16;2588;463
16;2589;463
15;1973;468
15;10426;47
15;10428;47
15;2039;472
15;2040;472
15;2041;472
15;2042;472
15;2043;472
15;2045;472
15;2206;473
15;1865;476
15;1866;476
15;2882;483
15;2064;484
15;1249;486
15;1707;492
15;1761;494
15;797;495
15;798;495
15;799;495
15;800;495
15;1867;496
15;1868;496
15;1339;497
15;1447;497
15;45206;499
15;45207;499
15;45223;499
15;10660;50
15;16890;51
15;16892;51
15;31551;5
15;31618;5
15;31621;5
15;31658;5
15;31670;5
15;31687;5
15;31689;5
15;31690;5
15;31692;5
15;12173;52
15;20064;53
15;20126;53
15;20127;53
15;20128;53
15;20130;53
15;20131;53
15;15032;54
15;15033;54
15;15034;54
15;15040;54
15;15042;54
15;18816;55
15;18831;55
15;18833;55
15;18834;55
15;7628;57
15;7629;57
15;7630;57
15;7633;57
15;7644;57
15;11312;58
15;2612;60
15;2613;60
15;11552;61
15;8581;6
15;8582;6
15;20450;68
15;20462;68
15;20466;68
15;24820;69
15;24829;69
15;24832;69
15;24833;69
15;19780;70
15;17970;71
15;17971;71
15;17972;71
15;17973;71
15;17974;71
15;17975;71
15;17976;71
15;32611;72
15;32615;72
15;32617;72
15;32619;72
15;17867;73
15;8653;74
15;11124;75
15;11126;75
15;9818;76
15;11797;79
15;16695;8
15;16698;8
15;16699;8
15;16703;8
15;16705;8
16;4687;82
15;11723;85
15;10299;86
15;10300;86
15;10306;86
15;13139;87
15;13140;87
15;13141;87
15;13142;87
15;13144;87
15;15109;88
15;11190;89
15;11150;90
15;11151;90
15;8472;91
15;8474;91
15;8476;91
15;9088;93
15;9089;93
15;9132;93
15;7517;96
10;1323104;973
10;1331519;973
10;1332208;973
10;1332209;973
10;1332210;973
10;1332211;973
10;1332212;973
10;1332213;973
10;1332215;973
10;1332216;973
10;1332217;973
10;1332218;973
10;1332219;973
10;1332221;973
10;1332222;973
10;1332223;973
10;1332224;973
10;1332225;973
10;1332227;973
10;1332228;973
10;1332229;973
10;1332230;973
10;1332231;973
10;1332233;973
10;1332234;973
10;1332235;973
10;1332236;973
10;1332237;973
10;1332239;973
10;1332241;973
10;1332242;973
10;1332243;973
10;1332244;973
10;1332245;973
10;1332246;973
10;1332248;973
10;1332249;973
10;1332250;973
10;1332251;973
10;1332252;973
10;1332253;973
10;1332258;973
10;1332259;973
10;1332260;973
10;1332261;973
10;1332262;973
10;1332263;973
10;1332264;973
10;1332265;973
10;1332266;973
10;1332267;973
10;1332268;973
10;1332269;973
10;1332270;973
10;1332271;973
10;1332273;973
10;1332274;973
10;1332275;973
10;1332276;973
10;1332277;973
10;1332280;973
10;1332281;973
10;1332283;973
10;1332284;973
10;1332285;973
10;1332286;973
10;1332287;973
10;1332288;973
10;1332289;973
10;1332290;973
10;1332291;973
10;1332293;973
10;1332294;973
10;1332295;973
10;1332296;973
10;1332297;973
10;1332298;973
10;1332301;973
10;1332302;973
10;1332303;973
10;1332304;973
10;1332305;973
10;1332306;973
10;1332307;973
10;1332308;973
10;1332309;973
10;1332310;973
10;1332312;973
10;1332313;973
10;1332314;973
10;1332315;973
10;1332316;973
10;1332317;973
10;1332319;973
10;1332320;973
10;1332321;973
10;1332322;973
10;1332323;973
10;1332324;973
10;1332326;973
10;1332327;973
10;1332328;973
10;1332329;973
10;1332330;973
10;1332332;973
10;1332333;973
10;1332334;973
10;1332335;973
10;1332336;973
10;1332337;973
10;1332338;973
10;1332340;973
10;1332341;973
10;1332342;973
10;1332343;973
10;1332344;973
10;1332345;973
10;1332346;973
10;1332348;973
10;1332349;973
10;1332350;973
10;1332351;973
10;1332352;973
10;1332353;973
10;1332355;973
10;1332356;973
10;1332357;973
10;1332358;973
10;1332359;973
10;1332360;973
10;1332361;973
10;1332441;973
10;1332730;973
11;504806;973
11;505539;973
11;505540;973
11;505541;973
11;505542;973
11;505544;973
11;505545;973
11;505546;973
11;505547;973
11;505725;973
11;505726;973
11;505727;973
11;505728;973
11;505729;973
11;505730;973
11;505731;973
11;505733;973
11;505734;973
11;505735;973
11;505736;973
11;505737;973
11;505738;973
11;505739;973
11;505740;973
11;505742;973
11;505743;973
11;505744;973
11;505745;973
11;505746;973
11;505747;973
11;505750;973
11;505751;973
11;505752;973
11;505753;973
11;505754;973
11;505755;973
11;505756;973
11;505757;973
11;505758;973
11;505759;973
11;505760;973
11;505762;973
11;505763;973
11;505764;973
11;505765;973
11;505766;973
11;505767;973
11;505769;973
11;505770;973
11;505771;973
11;505772;973
11;505773;973
11;505774;973
11;505776;973
11;505777;973
11;505778;973
11;505779;973
11;505780;973
11;505781;973
11;505783;973
11;505784;973
11;505785;973
11;505786;973
11;505787;973
11;505788;973
11;505790;973
11;505791;973
11;505792;973
11;505793;973
11;505794;973
11;505796;973
11;505797;973
11;505798;973
11;505799;973
11;505800;973
11;505801;973
11;505803;973
11;505804;973
11;505805;973
11;505806;973
11;505807;973
11;505808;973
11;505809;973
11;505810;973
11;505812;973
11;505813;973
11;505814;973
11;505815;973
11;505816;973
11;505819;973
11;505820;973
11;505821;973
11;505822;973
11;505823;973
11;505824;973
11;505825;973
11;505826;973
11;505827;973
11;505829;973
11;505830;973
11;505831;973
11;505832;973
11;505833;973
11;505834;973
11;505836;973
11;505837;973
11;505838;973
11;505839;973
11;505841;973
11;505842;973
11;505843;973
11;505845;973
11;505846;973
11;505847;973
11;505850;973
11;505851;973
11;505852;973
11;505853;973
11;505855;973
11;505856;973
11;505858;973
11;505859;973
11;505860;973
11;505861;973
11;505862;973
11;505863;973
11;505892;973
12;486363;973
12;492030;973
12;492031;973
12;492032;973
12;492033;973
12;492034;973
12;492035;973
12;492037;973
12;492038;973
12;492039;973
12;492040;973
12;492041;973
12;492042;973
12;492043;973
12;492044;973
12;492046;973
12;492047;973
12;492048;973
12;492049;973
12;492050;973
12;492051;973
12;492055;973
12;492056;973
12;492057;973
12;492058;973
12;492059;973
12;492060;973
12;492061;973
12;492062;973
12;492063;973
12;492065;973
12;492066;973
12;492067;973
12;492068;973
12;492069;973
12;492070;973
12;492071;973
12;492072;973
12;492073;973
12;492074;973
12;492075;973
12;492076;973
12;492077;973
12;492078;973
12;492079;973
12;492083;973
12;492084;973
12;492085;973
12;492086;973
12;492087;973
12;492088;973
12;492089;973
12;492090;973
12;492091;973
12;492092;973
12;492093;973
12;492094;973
12;492095;973
12;492096;973
12;492097;973
12;492100;973
12;492101;973
12;492102;973
12;492103;973
12;492104;973
12;492105;973
12;492106;973
12;492107;973
12;492108;973
12;492109;973
12;492111;973
12;492112;973
12;492113;973
12;492114;973
12;492115;973
12;492116;973
12;492117;973
12;492118;973
12;492119;973
12;492120;973
12;492121;973
12;492123;973
12;492125;973
12;492126;973
12;492127;973
12;492128;973
12;492129;973
12;492130;973
12;492131;973
12;492132;973
12;492134;973
12;492135;973
12;492136;973
12;492137;973
12;492138;973
12;492140;973
12;492141;973
12;492142;973
12;492143;973
12;492144;973
12;492145;973
12;492147;973
12;492148;973
12;492149;973
12;492150;973
12;492151;973
12;492152;973
12;492153;973
12;492154;973
12;492155;973
12;492157;973
12;492158;973
12;492160;973
12;492161;973
12;492162;973
12;492163;973
12;492164;973
12;492165;973
12;492492;973
13;462219;973
13;462220;973
13;462479;973
13;462480;973
13;462482;973
13;462483;973
13;462484;973
13;462485;973
13;462486;973
13;462530;973
13;462532;973
13;462533;973
13;462534;973
13;462535;973
13;462536;973
13;462620;973
13;462621;973
13;462622;973
13;462623;973
13;462624;973
13;462626;973
13;462627;973
13;462628;973
13;462629;973
13;462630;973
13;462631;973
13;462633;973
13;462635;973
13;462636;973
13;462637;973
13;462638;973
13;462640;973
13;462641;973
13;462642;973
13;462643;973
13;462644;973
13;462645;973
13;462646;973
13;462647;973
13;462648;973
13;462649;973
13;462650;973
13;462651;973
13;462654;973
13;462655;973
13;462656;973
13;462657;973
13;462658;973
13;462659;973
13;462660;973
13;462661;973
13;462662;973
13;462663;973
13;462664;973
13;462665;973
13;462666;973
13;462668;973
13;462669;973
13;462670;973
13;462671;973
13;462672;973
13;462673;973
13;462674;973
13;462675;973
13;462676;973
13;462677;973
13;462678;973
13;462679;973
13;462681;973
13;462682;973
13;462684;973
13;462685;973
13;462686;973
13;462687;973
13;462688;973
13;462689;973
13;462690;973
13;462691;973
13;462694;973
13;462695;973
13;462696;973
13;462697;973
13;462698;973
13;462699;973
13;462700;973
13;462701;973
13;462702;973
13;462703;973
13;462704;973
13;462706;973
13;462707;973
13;462708;973
13;462709;973
13;462710;973
13;462711;973
13;462713;973
13;462714;973
13;462716;973
13;462717;973
13;462718;973
13;462719;973
13;462720;973
13;462723;973
13;462724;973
13;462725;973
13;462726;973
13;462727;973
13;462728;973
13;462729;973
13;462730;973
13;462732;973
13;462733;973
13;462734;973
13;462735;973
13;462736;973
13;462737;973
13;462738;973
13;462739;973
13;462740;973
13;462741;973
13;462744;973
13;462745;973
13;462746;973
13;462747;973
13;462748;973
13;462749;973
13;462750;973
13;462751;973
13;462752;973
13;462753;973
13;462754;973
13;462755;973
13;462757;973
13;462758;973
13;462759;973
13;462760;973
13;462761;973
13;462762;973
13;462763;973
13;462806;973
13;462847;973
14;464446;973
14;464447;973
14;464448;973
14;464450;973
14;464451;973
14;464452;973
14;464504;973
14;464505;973
14;464506;973
14;464507;973
14;464508;973
14;464560;973
14;464561;973
14;464562;973
14;464563;973
14;464564;973
14;464565;973
14;464576;973
14;464577;973
14;464578;973
14;464579;973
14;464580;973
14;464582;973
14;464583;973
14;464584;973
14;464585;973
14;464586;973
14;464587;973
14;464588;973
14;464589;973
14;464591;973
14;464592;973
14;464593;973
14;464595;973
14;464596;973
14;464597;973
14;464598;973
14;464599;973
14;464600;973
14;464601;973
14;464605;973
14;464606;973
14;464607;973
14;464608;973
14;464609;973
14;464611;973
14;464612;973
14;464613;973
14;464614;973
14;464615;973
14;464616;973
14;464617;973
14;464618;973
14;464619;973
14;464620;973
14;464621;973
14;464622;973
14;464623;973
14;464624;973
14;464625;973
14;464626;973
14;464627;973
14;464628;973
14;464629;973
14;464631;973
14;464634;973
14;464635;973
14;464636;973
14;464637;973
14;464638;973
14;464639;973
14;464640;973
14;464641;973
14;464642;973
14;464643;973
14;464644;973
14;464645;973
14;464646;973
14;464647;973
14;464649;973
14;464650;973
14;464651;973
14;464652;973
14;464653;973
14;464654;973
14;464656;973
14;464657;973
14;464658;973
14;464659;973
14;464660;973
14;464661;973
14;464663;973
14;464664;973
14;464665;973
14;464666;973
14;464667;973
14;464669;973
14;464670;973
14;464671;973
14;464672;973
14;464673;973
14;464674;973
14;464675;973
14;464677;973
14;464678;973
14;464679;973
14;464681;973
14;464682;973
14;464683;973
14;464684;973
14;464685;973
14;464686;973
14;464688;973
14;464689;973
14;464690;973
14;464691;973
14;464692;973
14;464694;973
14;464695;973
14;464696;973
14;464697;973
14;464698;973
14;464699;973
14;464700;973
15;29040;10
15;21011;104
15;21015;104
15;21019;104
15;16857;106
16;497;107
15;15038;108
15;15040;108
15;8440;110
15;8465;110
15;10535;112
15;7400;113
15;1940;114
15;11010;1
15;11011;1
15;11012;1
15;12572;115
15;12573;115
15;12574;115
15;4790;116
15;4791;116
15;4792;116
15;4793;116
15;4794;116
15;26639;117
15;26641;117
15;26643;117
15;26644;117
15;26645;117
15;12418;119
15;1004;120
15;1005;120
15;18676;121
15;18677;121
15;18679;121
15;2005;12
15;1565;122
15;1367;13
15;9982;133
15;551;137
15;553;137
15;571;137
15;19853;138
15;19856;138
15;19860;138
15;19863;138
15;12996;139
15;12997;139
15;19688;141
15;45142;14
15;45212;14
15;45230;14
15;16137;142
15;8973;143
15;16442;144
15;16444;144
15;16446;144
15;16448;144
15;16449;144
15;2522;146
15;2528;146
15;2415;148
15;30819;149
15;30820;149
15;1784;153
15;31052;154
15;31053;154
15;31054;154
15;31057;154
15;31058;154
15;31059;154
15;17207;156
15;17208;156
15;3533;159
15;3534;159
15;3538;159
15;3539;159
15;3540;159
15;3396;162
15;3401;162
15;1492;164
15;1504;164
15;5438;165
15;5441;165
15;1530;166
15;14608;167
15;4688;168
15;18214;170
15;1370;171
15;11821;17
15;14277;173
15;13318;177
15;13337;177
15;11891;179
15;1371;183
15;8116;184
15;2264;186
15;2265;186
15;11485;187
15;11863;188
15;8753;190
15;8592;191
15;11200;192
15;11330;194
15;11331;194
15;11332;194
15;27847;197
15;27852;197
15;27853;197
15;2614;199
15;2615;199
15;2617;199
15;2618;199
15;2622;199
15;2624;199
15;2625;199
15;2626;199
15;2628;199
15;14600;200
15;15448;201
15;15467;201
15;15468;201
15;15474;201
15;15479;201
15;15480;201
15;1622;203
15;7048;204
15;2298;205
15;16154;208
15;16155;208
15;16156;208
15;16157;208
15;16159;208
15;5412;209
15;5496;209
15;5500;209
15;5502;209
15;5505;209
15;5507;209
15;15426;212
15;15427;212
15;1451;214
15;13823;2
15;9412;215
15;21397;217
15;21409;217
15;8401;219
15;14597;22
15;14599;22
15;10442;222
15;10458;222
15;10463;222
15;3510;223
15;8381;225
15;2630;227
15;2661;227
15;2662;227
15;2665;227
15;8583;228
15;1089;230
15;27811;23
15;27813;23
15;27814;23
15;3133;232
15;3136;232
15;7736;233
15;957;235
15;19391;238
15;19403;238
15;12784;239
15;12786;239
15;12787;239
15;24805;244
15;7533;245
15;18735;248
15;1527;251
15;6403;25
15;1771;253
15;11290;254
15;11314;254
15;11315;254
15;1747;257
15;6107;258
15;2818;261
15;2819;261
15;16736;26
15;1434;262
15;1436;262
15;1438;262
15;9172;263
15;2145;264
15;2146;264
15;2147;264
15;1370;265
15;1197;266
16;4945;267
15;8267;269
15;8645;274
15;8647;274
15;9494;276
15;16622;280
15;16623;280
15;16624;280
15;16625;280
15;16626;280
15;12697;281
15;12701;281
15;12702;281
15;13146;28
15;20505;282
15;12648;286
15;18237;290
15;19333;292
15;19334;292
15;15261;295
15;17490;296
15;17499;296
15;18184;298
15;18185;298
15;10134;299
15;10137;299
15;11180;301
15;11182;301
15;15438;303
15;15439;303
15;15440;303
15;15441;303
15;15442;303
15;15443;303
15;2231;304
15;2232;304
15;2233;304
15;13790;307
15;14896;309
15;12566;310
15;12567;310
15;14283;311
15;14287;311
15;14288;311
15;9123;31
15;3852;312
15;25012;3
15;25015;3
15;25017;3
15;25019;3
15;10314;316
15;24293;319
15;24294;319
15;18071;32
15;12499;322
15;12500;322
15;19692;326
15;19693;326
15;19694;326
15;19695;326
15;19696;326
15;19697;326
15;23576;328
15;23578;328
15;24818;33
15;24835;33
15;24840;33
15;9669;332
16;8478;336
15;13271;337
15;10886;339
15;10887;339
15;7406;34
15;11433;343
15;21058;345
15;21059;345
15;11956;346
15;11996;346
15;11997;346
15;11999;346
15;10524;347
16;17671;348
16;17672;348
16;17676;348
15;13834;349
15;2736;350
15;2761;350
15;2775;350
15;2776;350
15;2778;350
15;21268;35
15;21274;35
15;21275;35
15;21287;35
15;21288;35
15;21289;35
15;1387;352
15;5680;353
15;17856;356
15;17861;356
15;17862;356
15;21905;357
15;21912;357
15;1219;359
15;1221;359
15;12446;36
15;3253;362
15;13521;367
15;13522;367
16;11321;368
16;11322;368
16;11337;368
16;11338;368
15;12058;369
15;12059;369
15;12060;369
15;12061;369
15;12062;369
15;9666;371
15;9667;371
15;14522;372
16;5769;377
15;7691;378
15;7699;378
15;12344;379
15;12354;379
15;16620;381
15;11398;382
15;12324;387
15;9073;388
15;9074;388
15;8538;389
15;8540;389
15;8013;39
15;13600;395
15;13601;395
15;13604;395
15;1995;396
15;1996;396
15;1997;396
15;5861;400
15;23319;40
15;3540;404
15;4262;405
15;7728;409
15;6007;411
15;6008;411
15;2912;41
15;5943;415
15;6970;4
15;6971;4
15;6972;4
15;6973;4
15;6974;4
15;6975;4
16;4426;418
15;7432;419
15;4034;420
15;4036;420
15;4042;420
15;4045;420
16;5688;422
15;3331;426
15;6568;429
15;6574;429
15;4675;430
15;4783;432
15;4784;432
15;5277;433
15;5278;433
15;5279;433
15;5280;433
15;4403;434
15;4404;434
15;4406;434
15;4793;435
15;2834;436
15;5008;437
15;4627;438
15;4629;438
15;4850;440
15;4050;441
15;4053;441
15;4056;441
15;32143;44
15;32145;44
15;2985;445
15;2986;445
15;2987;445
15;3772;448
15;3775;448
15;3980;449
15;3203;451
15;3205;451
15;21155;45
15;21166;45
15;21167;45
15;2010;452
15;4495;453
15;3553;457
15;2543;459
15;2801;460
15;2802;460
15;3238;461
15;3239;461
15;3195;471
15;1867;476
15;1407;481
15;2134;482
15;2766;483
15;2814;483
15;2884;483
15;2888;483
15;2889;483
15;2050;484
15;2056;484
15;2057;484
15;2059;484
15;2151;485
15;1250;486
15;1403;489
15;1404;489
15;1710;492
15;1766;494
15;791;495
15;802;495
15;1869;496
15;1870;496
15;1507;497
15;45232;499
15;45237;499
15;16898;51
15;16902;51
15;31582;5
15;31665;5
15;31688;5
15;31691;5
15;12177;52
15;12178;52
15;20133;53
15;20134;53
15;20135;53
15;20136;53
15;20138;53
15;20140;53
15;15024;54
15;15041;54
15;15043;54
15;18835;55
15;18837;55
15;18838;55
15;8939;56
15;7638;57
15;7642;57
15;2616;60
15;2617;60
15;2618;60
15;8586;6
15;8587;6
15;1959;67
15;20469;68
15;20470;68
15;20471;68
15;24834;69
15;17977;71
15;17978;71
15;17979;71
15;17981;71
15;17982;71
15;32622;72
15;32627;72
15;32631;72
15;8689;74
15;8691;74
15;9820;76
15;11798;79
15;16706;8
15;10313;86
15;10314;86
15;13145;87
15;15072;88
15;11193;89
15;11152;90
15;11153;90
15;11155;90
15;9298;92
15;9146;93
15;9147;93
15;7523;96
15;7526;96
15;14628;97
10;1317290;973
10;1320756;973
10;1321128;973
10;1332001;973
10;1332002;973
10;1332003;973
10;1332004;973
10;1332363;973
10;1332364;973
10;1332365;973
10;1332366;973
10;1332367;973
10;1332368;973
10;1332369;973
10;1332370;973
10;1332371;973
10;1332372;973
10;1332373;973
10;1332375;973
10;1332376;973
10;1332377;973
10;1332378;973
10;1332379;973
10;1332381;973
10;1332382;973
10;1332383;973
10;1332384;973
10;1332385;973
10;1332386;973
10;1332388;973
10;1332389;973
10;1332390;973
10;1332392;973
10;1332393;973
10;1332394;973
10;1332395;973
10;1332396;973
10;1332398;973
10;1332399;973
10;1332400;973
10;1332401;973
10;1332402;973
10;1332404;973
10;1332405;973
10;1332406;973
10;1332407;973
10;1332408;973
10;1332409;973
10;1332410;973
10;1332411;973
10;1332412;973
10;1332413;973
10;1332415;973
10;1332417;973
10;1332418;973
10;1332419;973
10;1332420;973
10;1332422;973
10;1332423;973
10;1332424;973
10;1332425;973
10;1332426;973
10;1332427;973
10;1332429;973
10;1332430;973
10;1332431;973
10;1332432;973
10;1332433;973
10;1332434;973
10;1332435;973
10;1332437;973
10;1332438;973
10;1332439;973
10;1332443;973
10;1332444;973
10;1332445;973
10;1332446;973
10;1332447;973
10;1332449;973
10;1332450;973
10;1332451;973
10;1332452;973
10;1332453;973
10;1332455;973
10;1332456;973
10;1332457;973
10;1332458;973
10;1332459;973
10;1332460;973
10;1332462;973
10;1332463;973
10;1332464;973
10;1332465;973
10;1332466;973
10;1332469;973
10;1332470;973
10;1332471;973
10;1332472;973
10;1332473;973
10;1332474;973
10;1332475;973
10;1332476;973
10;1332477;973
10;1332478;973
10;1332479;973
10;1332482;973
10;1332483;973
10;1332484;973
10;1332485;973
10;1332486;973
10;1332488;973
10;1332489;973
10;1332490;973
10;1332491;973
10;1332492;973
10;1332493;973
10;1332495;973
10;1332496;973
10;1332497;973
10;1332498;973
10;1332499;973
10;1332501;973
10;1332502;973
10;1332503;973
10;1332504;973
10;1332505;973
10;1332506;973
10;1332507;973
10;1332509;973
10;1332510;973
10;1332511;973
10;1332512;973
10;1332513;973
10;1332514;973
10;1332516;973
10;1332517;973
10;1332518;973
10;1332519;973
10;1332520;973
10;1332522;973
10;1332523;973
10;1332524;973
10;1332525;973
10;1332526;973
10;1332528;973
10;1332529;973
10;1332530;973
10;1332531;973
10;1332532;973
10;1332533;973
10;1332535;973
10;1332536;973
10;1332537;973
10;1332538;973
10;1332539;973
10;1332540;973
10;1332542;973
10;1332543;973
10;1332544;973
10;1332545;973
10;1332546;973
10;1332547;973
10;1332549;973
10;1332550;973
10;1332551;973
10;1332552;973
10;1332553;973
10;1332555;973
10;1332556;973
10;1332557;973
10;1332558;973
10;1332559;973
10;1332562;973
10;1332563;973
10;1332564;973
10;1332565;973
10;1332566;973
10;1332567;973
10;1332568;973
10;1332570;973
10;1332571;973
10;1332572;973
10;1332573;973
10;1332574;973
10;1332576;973
10;1332577;973
10;1332578;973
10;1332579;973
10;1332580;973
10;1332596;973
10;1332597;973
10;1332602;973
10;1332603;973
10;1332604;973
10;1332606;973
10;1332607;973
10;1332610;973
10;1332611;973
10;1332612;973
10;1332613;973
10;1332614;973
10;1332615;973
10;1332616;973
10;1332617;973
10;1332618;973
10;1332624;973
10;1332625;973
10;1332626;973
10;1332627;973
10;1332628;973
10;1332629;973
10;1332635;973
10;1332636;973
10;1332637;973
10;1332638;973
10;1332639;973
10;1332687;973
10;1332688;973
10;1332689;973
10;1332693;973
10;1332694;973
10;1332700;973
10;1332701;973
10;1332702;973
10;1332703;973
10;1332704;973
10;1332705;973
10;1332709;973
10;1332710;973
10;1332711;973
10;1332712;973
10;1332713;973
10;1332714;973
10;1332715;973
10;1332716;973
10;1332717;973
10;1332718;973
10;1332719;973
10;1332720;973
10;1332721;973
10;1332722;973
10;1332723;973
10;1332724;973
10;1332725;973
10;1332726;973
10;1332727;973
10;1332728;973
10;1332729;973
10;1332731;973
10;1332732;973
10;1332733;973
10;1332736;973
10;1332737;973
10;1332738;973
10;1332739;973
10;1332740;973
10;1332741;973
10;1332742;973
10;1332743;973
10;1332744;973
10;1332745;973
10;1332746;973
10;1332748;973
10;1332749;973
10;1332750;973
10;1332751;973
10;1332752;973
10;1332764;973
10;1332765;973
10;1332766;973
10;1332767;973
10;1332768;973
10;1332769;973
10;1332770;973
10;1332771;973
10;1332772;973
10;1332773;973
10;1332774;973
10;1332778;973
10;1332779;973
10;1332780;973
10;1332781;973
10;1332783;973
10;1332785;973
10;1332786;973
10;1332787;973
10;1332788;973
10;1332789;973
10;1332795;973
10;1332796;973
10;1332797;973
10;1332798;973
10;1332799;973
10;1332800;973
10;1332801;973
10;1332802;973
10;1332803;973
10;1332804;973
10;1332806;973
10;1332807;973
10;1332808;973
10;1332811;973
10;1332812;973
10;1332813;973
10;1332814;973
10;1332824;973
10;1332825;973
10;1332826;973
10;1332827;973
10;1332828;973
10;1332829;973
10;1332832;973
10;1332833;973
10;1332834;973
10;1332835;973
10;1332836;973
10;1332837;973
10;1332838;973
10;1332840;973
10;1332841;973
10;1332842;973
10;1332843;973
10;1332844;973
10;1332845;973
10;1332846;973
10;1332849;973
10;1332850;973
10;1332851;973
10;1332852;973
10;1332853;973
10;1332857;973
10;1332858;973
10;1332859;973
10;1332860;973
10;1332861;973
10;1332862;973
10;1332863;973
10;1332864;973
10;1332865;973
10;1332866;973
10;1332867;973
10;1332869;973
10;1332870;973
10;1332871;973
10;1332872;973
10;1332873;973
10;1332875;973
10;1332876;973
10;1332878;973
10;1332879;973
10;1332880;973
10;1332881;973
10;1332882;973
10;1332883;973
10;1332884;973
10;1332885;973
10;1332888;973
10;1332889;973
10;1332890;973
10;1332891;973
10;1332892;973
10;1332893;973
10;1332894;973
10;1332895;973
10;1332896;973
10;1332897;973
10;1332898;973
10;1332899;973
10;1332900;973
10;1332901;973
10;1332904;973
10;1332905;973
10;1332906;973
10;1332907;973
10;1332908;973
10;1332923;973
10;1332924;973
10;1332925;973
10;1332926;973
10;1332927;973
10;1332928;973
10;1332955;973
10;1332956;973
10;1332957;973
10;1332958;973
10;1332959;973
10;1332960;973
11;505865;973
11;505866;973
11;505867;973
11;505868;973
11;505869;973
11;505870;973
11;505871;973
11;505873;973
11;505874;973
11;505875;973
11;505876;973
11;505877;973
11;505879;973
11;505880;973
11;505881;973
11;505882;973
11;505883;973
11;505885;973
11;505886;973
11;505887;973
11;505888;973
11;505889;973
11;505890;973
11;505891;973
11;505894;973
11;505895;973
11;505896;973
11;505897;973
11;505898;973
11;505899;973
11;505901;973
11;505902;973
11;505903;973
11;505904;973
11;505905;973
11;505906;973
11;505907;973
11;505914;973
11;505915;973
11;505916;973
11;505917;973
11;505918;973
11;505919;973
11;505920;973
11;505921;973
11;505922;973
11;505924;973
11;505925;973
11;505926;973
11;505927;973
11;505928;973
11;505929;973
11;505930;973
11;505931;973
11;505932;973
11;505934;973
11;505936;973
11;505937;973
11;505938;973
11;505939;973
11;505940;973
11;505941;973
11;505943;973
11;505944;973
11;505945;973
11;505946;973
11;505947;973
11;505948;973
11;505950;973
11;505951;973
11;505952;973
11;505953;973
11;505954;973
11;505956;973
11;505957;973
11;505958;973
11;505959;973
11;505960;973
11;505962;973
11;505963;973
11;505964;973
11;505965;973
11;505966;973
11;505967;973
11;505968;973
11;505969;973
11;505970;973
11;505972;973
11;505975;973
11;505976;973
11;505977;973
11;505978;973
11;505979;973
11;505981;973
11;505982;973
11;505983;973
11;505984;973
11;505985;973
11;505987;973
11;505988;973
11;505989;973
11;505990;973
11;505991;973
11;505992;973
11;505994;973
11;505995;973
11;505996;973
11;505997;973
11;505998;973
11;506001;973
11;506002;973
11;506003;973
11;506004;973
11;506005;973
11;506006;973
11;506007;973
11;506008;973
11;506009;973
11;506010;973
11;506012;973
11;506013;973
11;506014;973
11;506015;973
11;506016;973
11;506017;973
11;506019;973
11;506020;973
11;506021;973
11;506022;973
11;506023;973
11;506024;973
11;506026;973
11;506027;973
11;506028;973
11;506029;973
11;506032;973
11;506033;973
11;506034;973
11;506035;973
11;506036;973
11;506037;973
11;506038;973
11;506039;973
11;506040;973
11;506041;973
11;506042;973
11;506043;973
11;506045;973
11;506046;973
11;506047;973
11;506048;973
11;506049;973
11;506050;973
11;506051;973
11;506053;973
11;506054;973
11;506055;973
11;506056;973
11;506057;973
11;506059;973
11;506060;973
11;506061;973
11;506062;973
11;506063;973
11;506071;973
11;506072;973
11;506073;973
11;506074;973
11;506075;973
11;506076;973
11;506079;973
11;506080;973
11;506081;973
11;506082;973
11;506083;973
11;506084;973
11;506109;973
11;506110;973
11;506111;973
11;506112;973
11;506113;973
11;506114;973
12;491877;973
12;492167;973
12;492168;973
12;492169;973
12;492170;973
12;492171;973
12;492172;973
12;492174;973
12;492175;973
12;492176;973
12;492177;973
12;492178;973
12;492179;973
12;492180;973
12;492182;973
12;492183;973
12;492184;973
12;492185;973
12;492186;973
12;492187;973
12;492189;973
12;492190;973
12;492191;973
12;492192;973
12;492193;973
12;492195;973
12;492196;973
12;492197;973
12;492198;973
12;492199;973
12;492200;973
12;492202;973
12;492203;973
12;492204;973
12;492205;973
12;492206;973
12;492207;973
12;492209;973
12;492210;973
12;492211;973
12;492212;973
12;492213;973
12;492214;973
12;492215;973
12;492217;973
12;492218;973
12;492219;973
12;492220;973
12;492221;973
12;492222;973
12;492223;973
12;492225;973
12;492226;973
12;492227;973
12;492228;973
12;492229;973
12;492230;973
12;492231;973
12;492232;973
12;492233;973
12;492234;973
12;492235;973
12;492238;973
12;492239;973
12;492240;973
12;492241;973
12;492242;973
12;492244;973
12;492245;973
12;492246;973
12;492247;973
12;492248;973
12;492249;973
12;492251;973
12;492252;973
12;492253;973
12;492254;973
12;492255;973
12;492256;973
12;492258;973
12;492259;973
12;492260;973
12;492261;973
12;492262;973
12;492264;973
12;492265;973
12;492266;973
12;492267;973
12;492268;973
12;492270;973
12;492271;973
12;492272;973
12;492273;973
12;492274;973
12;492275;973
12;492276;973
12;492277;973
12;492279;973
12;492280;973
12;492282;973
12;492283;973
12;492284;973
12;492285;973
12;492286;973
12;492288;973
12;492289;973
12;492290;973
12;492291;973
12;492292;973
12;492293;973
12;492295;973
12;492296;973
12;492297;973
12;492298;973
12;492299;973
12;492301;973
12;492302;973
12;492303;973
12;492304;973
12;492305;973
12;492306;973
12;492308;973
12;492309;973
12;492310;973
12;492311;973
12;492312;973
12;492313;973
12;492315;973
12;492316;973
12;492317;973
12;492318;973
12;492319;973
12;492320;973
12;492323;973
12;492324;973
12;492325;973
12;492327;973
12;492328;973
12;492329;973
12;492330;973
12;492331;973
12;492333;973
12;492334;973
12;492335;973
12;492336;973
12;492337;973
12;492339;973
12;492340;973
12;492341;973
12;492342;973
12;492343;973
12;492346;973
12;492347;973
12;492348;973
12;492349;973
12;492350;973
12;492355;973
12;492356;973
12;492357;973
12;492358;973
12;492359;973
12;492360;973
12;492361;973
12;492362;973
12;492363;973
12;492364;973
12;492365;973
12;492366;973
12;492368;973
12;492369;973
12;492370;973
12;492371;973
12;492372;973
12;492373;973
12;492375;973
12;492376;973
12;492377;973
12;492378;973
12;492379;973
12;492380;973
12;492383;973
12;492384;973
12;492385;973
12;492386;973
12;492387;973
12;492390;973
12;492391;973
12;492392;973
12;492393;973
12;492394;973
12;492395;973
12;492397;973
12;492398;973
12;492399;973
12;492400;973
12;492401;973
12;492402;973
12;492403;973
12;492404;973
12;492405;973
12;492406;973
12;492407;973
12;492408;973
12;492409;973
12;492410;973
12;492411;973
12;492412;973
12;492415;973
12;492416;973
12;492417;973
12;492418;973
12;492419;973
12;492420;973
12;492421;973
12;492422;973
12;492423;973
12;492424;973
12;492425;973
12;492427;973
12;492428;973
12;492429;973
12;492430;973
12;492431;973
12;492432;973
12;492434;973
12;492435;973
12;492436;973
12;492437;973
12;492438;973
12;492441;973
12;492442;973
12;492443;973
12;492444;973
12;492445;973
12;492446;973
12;492447;973
12;492448;973
12;492449;973
12;492450;973
12;492452;973
12;492453;973
12;492454;973
12;492455;973
12;492456;973
12;492457;973
12;492458;973
12;492459;973
12;492460;973
12;492462;973
12;492463;973
12;492464;973
12;492465;973
12;492468;973
12;492469;973
12;492471;973
12;492472;973
12;492473;973
12;492474;973
12;492475;973
12;492476;973
12;492477;973
12;492478;973
12;492479;973
12;492480;973
12;492481;973
12;492482;973
12;492483;973
12;492484;973
12;492502;973
12;492503;973
12;492504;973
12;492505;973
12;492506;973
12;492507;973
12;492509;973
12;492563;973
12;492564;973
12;492565;973
12;492566;973
12;492567;973
12;492568;973
12;492569;973
12;492571;973
12;492572;973
12;492573;973
12;492574;973
12;492575;973
12;492576;973
12;492577;973
13;462765;973
13;462766;973
13;462767;973
13;462768;973
13;462769;973
13;462770;973
13;462772;973
13;462773;973
13;462774;973
13;462775;973
13;462776;973
13;462777;973
13;462778;973
13;462780;973
13;462781;973
13;462782;973
13;462783;973
13;462784;973
13;462785;973
13;462786;973
13;462788;973
13;462789;973
13;462790;973
13;462791;973
13;462792;973
13;462793;973
13;462794;973
13;462795;973
13;462798;973
13;462799;973
13;462800;973
13;462801;973
13;462802;973
13;462803;973
13;462804;973
13;462805;973
13;462807;973
13;462808;973
13;462809;973
13;462810;973
13;462811;973
13;462812;973
13;462815;973
13;462816;973
13;462817;973
13;462818;973
13;462819;973
13;462820;973
13;462822;973
13;462823;973
13;462824;973
13;462825;973
13;462826;973
13;462827;973
13;462829;973
13;462830;973
13;462831;973
13;462832;973
13;462833;973
13;462834;973
13;462835;973
13;462836;973
13;462838;973
13;462839;973
13;462841;973
13;462842;973
13;462843;973
13;462844;973
13;462845;973
13;462859;973
13;462860;973
13;462861;973
13;462862;973
13;462863;973
13;462866;973
13;462867;973
13;462868;973
13;462869;973
13;462870;973
13;462871;973
13;462873;973
13;462874;973
13;462875;973
13;462876;973
13;462877;973
13;462880;973
13;462881;973
13;462882;973
13;462883;973
13;462884;973
13;462885;973
13;462886;973
13;462887;973
13;462888;973
13;462889;973
13;462892;973
13;462893;973
13;462894;973
13;462895;973
13;462896;973
13;462898;973
13;462899;973
13;462900;973
13;462901;973
13;462902;973
13;462903;973
13;462904;973
13;462905;973
13;462906;973
13;462907;973
13;462908;973
13;462910;973
13;462911;973
13;462912;973
13;462913;973
13;462914;973
13;462915;973
13;462917;973
13;462918;973
13;462919;973
13;462920;973
13;462921;973
13;462923;973
13;462924;973
13;462925;973
13;462926;973
13;462927;973
13;462928;973
13;462930;973
13;462931;973
13;462932;973
13;462933;973
13;462934;973
13;462935;973
13;462939;973
13;462940;973
13;462941;973
13;462942;973
13;462943;973
13;462944;973
13;462945;973
13;462946;973
13;462947;973
13;462948;973
13;462949;973
13;462950;973
13;462957;973
13;462958;973
13;462959;973
13;462960;973
13;462961;973
13;462962;973
13;462963;973
13;462965;973
13;462966;973
13;462967;973
13;462968;973
13;462969;973
13;462971;973
13;462972;973
13;462973;973
13;462974;973
13;462975;973
13;462976;973
13;462986;973
13;462987;973
13;462988;973
13;462989;973
13;462990;973
13;462991;973
14;464702;973
14;464703;973
14;464704;973
14;464705;973
14;464706;973
14;464707;973
14;464709;973
14;464710;973
14;464711;973
14;464712;973
14;464713;973
14;464722;973
14;464724;973
14;464725;973
14;464726;973
14;464727;973
14;464729;973
14;464730;973
14;464731;973
14;464732;973
14;464733;973
14;464734;973
14;464735;973
14;464736;973
14;464737;973
14;464738;973
14;464739;973
14;464741;973
14;464743;973
14;464744;973
14;464745;973
14;464746;973
14;464747;973
14;464749;973
14;464750;973
14;464751;973
14;464752;973
14;464753;973
14;464755;973
14;464756;973
14;464757;973
14;464758;973
14;464759;973
14;464760;973
14;464763;973
14;464764;973
14;464765;973
14;464766;973
14;464767;973
14;464768;973
14;464769;973
14;464770;973
14;464771;973
14;464772;973
14;464773;973
14;464775;973
14;464777;973
14;464778;973
14;464779;973
14;464780;973
14;464782;973
14;464783;973
14;464784;973
14;464785;973
14;464786;973
14;464788;973
14;464789;973
14;464790;973
14;464791;973
14;464792;973
14;464793;973
14;464798;973
14;464799;973
14;464800;973
14;464801;973
14;464802;973
14;464803;973
14;464804;973
14;464805;973
14;464806;973
14;464807;973
14;464808;973
14;464810;973
14;464811;973
14;464812;973
14;464813;973
14;464814;973
14;464815;973
14;464816;973
14;464817;973
14;464818;973
14;464819;973
14;464822;973
14;464823;973
14;464825;973
14;464826;973
14;464827;973
14;464828;973
14;464829;973
14;464830;973
14;464831;973
14;464832;973
14;464833;973
14;464834;973
14;464835;973
14;464837;973
14;464838;973
14;464839;973
14;464840;973
14;464841;973
14;464842;973
14;464844;973
14;464845;973
14;464846;973
14;464847;973
14;464848;973
14;464849;973
14;464852;973
14;464853;973
14;464854;973
14;464855;973
14;464856;973
14;464870;973
14;464871;973
14;464872;973
14;464873;973
14;464874;973
14;464914;973
15;12994;98
15;12995;98
15;15204;101
15;2092;102
15;2093;102
15;2095;102
15;10021;105
15;10023;105
16;498;107
15;15043;108
15;11131;11
15;11132;11
15;11134;11
15;7399;113
15;1941;114
15;10937;1
15;26647;117
15;26648;117
15;26649;117
15;9227;118
15;18602;121
15;18608;121
15;18670;121
15;8939;126
15;8156;130
15;9983;133
15;19862;138
15;12998;139
15;12999;139
15;7467;140
15;19691;141
15;45229;14
15;45240;14
15;45242;14
15;45243;14
15;45245;14
15;8976;143
15;8977;143
15;8978;143
15;8987;143
15;16445;144
15;16447;144
15;16450;144
15;16451;144
15;8641;145
15;2523;146
15;2529;146
15;2530;146
15;2531;146
15;2532;146
15;31061;154
15;31064;154
15;7877;161
15;3400;162
15;3402;162
15;3404;162
15;9954;163
15;1505;164
15;1507;164
15;1508;164
15;5434;165
15;5435;165
15;5436;165
15;4692;168
15;4693;168
15;1366;171
15;11558;176
15;11560;176
15;11561;176
15;11563;176
15;14199;180
15;12806;18
15;8118;184
15;8124;184
15;2270;186
15;2272;186
15;2273;186
15;11486;187
15;11487;187
15;11867;188
15;27854;197
15;27855;197
15;27856;197
15;2492;199
15;15465;201
15;15483;201
15;1624;203
15;2301;205
15;7280;206
15;8240;207
15;16160;208
15;16166;208
15;16167;208
15;5512;209
15;5514;209
15;5516;209
15;5517;209
15;12954;211
15;10162;213
15;1399;214
15;1460;214
15;9414;215
15;8399;219
15;8431;220
15;14566;22
15;14567;22
15;8380;225
15;8384;225
15;2666;227
15;8529;228
15;8586;228
15;1092;230
15;27816;23
15;958;235
15;14911;236
15;14915;236
15;14916;236
15;14918;236
15;11450;241
15;11453;241
15;11454;241
15;11455;241
15;24806;244
15;18764;248
15;1533;251
15;1534;251
15;6400;25
15;1770;253
15;11318;254
15;1746;257
15;14367;259
15;1440;262
15;1442;262
15;1200;266
15;8268;269
15;9187;272
15;8592;274
15;8648;274
15;12705;281
15;12651;286
15;795;287
15;796;287
15;19338;292
15;19340;292
15;7452;294
15;18187;298
15;8087;300
15;8089;300
15;11230;302
15;2153;304
15;2234;304
15;2235;304
15;2236;304
15;2238;304
15;2239;304
15;2241;304
15;14246;311
15;14291;311
15;3815;312
15;3821;312
15;3840;312
15;9631;313
15;25025;3
15;25026;3
15;14274;317
15;14275;317
15;13055;320
15;18064;32
15;18073;32
15;12447;322
15;12502;322
15;13818;325
15;23580;328
15;23581;328
15;24696;33
15;24839;33
15;24841;33
15;24842;33
15;1512;333
15;13274;337
15;13275;337
15;10888;339
15;7353;342
15;21061;345
15;21062;345
15;11998;346
15;12000;346
15;12001;346
15;10532;347
16;17688;348
15;2774;350
15;2780;350
15;1389;352
15;1390;352
15;17860;356
15;17863;356
15;21915;357
15;21916;357
15;16300;360
15;16315;360
15;12447;36
15;3258;362
15;9890;365
15;9892;365
15;13520;367
16;11218;368
16;11334;368
15;9484;370
15;9979;37
15;14524;372
15;12452;373
15;12458;373
15;12459;373
15;6999;376
15;12337;379
15;12358;379
15;13690;380
15;16622;381
15;11397;382
15;11400;382
15;11401;382
15;11402;382
15;7613;391
15;8012;39
15;1988;396
15;23270;40
15;969;407
15;970;407
15;7965;410
15;2914;41
15;2916;41
15;4357;414
15;4358;414
15;4363;414
15;4366;414
15;4371;414
15;6977;4
16;4401;418
16;4403;418
16;4424;418
15;19775;42
15;19776;42
15;3338;426
15;6575;429
15;5240;433
15;5241;433
15;5271;433
15;5282;433
15;4794;435
15;4795;435
15;5009;437
15;4604;438
15;4623;438
15;4624;438
15;4625;438
15;4058;441
15;3859;442
15;2301;447
15;2304;447
15;3982;449
15;3983;449
15;3388;450
15;21165;45
15;21168;45
15;1990;452
15;2341;458
15;2803;460
15;2805;460
15;2672;464
15;4314;465
15;1959;468
15;1977;468
15;2048;472
15;2387;475
15;1990;484
15;2066;484
15;1251;486
15;1394;489
15;1708;492
15;1769;494
15;786;495
15;1871;496
15;45246;499
15;16897;51
15;31698;5
15;18840;55
15;8943;56
15;11317;58
15;11318;58
15;2558;60
15;2614;60
15;2615;60
15;16328;62
15;16330;62
15;12752;65
15;1960;67
15;1961;67
15;20472;68
15;24837;69
15;24838;69
15;19781;70
15;17983;71
15;32634;72
15;17869;73
15;8694;74
15;2112;78
15;2122;78
15;16708;8
15;11196;89
15;8477;91
10;1332581;973
10;1332582;973
10;1332583;973
10;1332585;973
10;1332586;973
10;1332619;973
10;1332620;973
10;1332621;973
10;1332622;973
10;1332623;973
10;1332630;973
10;1332631;973
10;1332632;973
10;1332633;973
10;1332634;973
10;1332646;973
10;1332647;973
10;1332648;973
10;1332649;973
10;1332650;973
10;1332651;973
10;1332652;973
10;1332653;973
10;1332654;973
10;1332655;973
10;1332656;973
10;1332661;973
10;1332662;973
10;1332663;973
10;1332664;973
10;1332665;973
10;1332666;973
10;1332667;973
10;1332668;973
10;1332669;973
10;1332670;973
10;1332671;973
10;1332672;973
10;1332673;973
10;1332674;973
10;1332676;973
10;1332677;973
10;1332678;973
10;1332679;973
10;1332680;973
10;1332695;973
10;1332696;973
10;1332697;973
10;1332698;973
10;1332699;973
10;1332754;973
10;1332755;973
10;1332756;973
10;1332757;973
10;1332758;973
10;1332759;973
10;1332760;973
10;1332761;973
10;1332762;973
10;1332763;973
10;1332790;973
10;1332791;973
10;1332792;973
10;1332793;973
10;1332794;973
10;1332816;973
10;1332817;973
10;1332818;973
10;1332819;973
10;1332820;973
10;1332821;973
10;1332822;973
10;1332823;973
10;1333021;973
10;1333022;973
10;1333024;973
10;1333025;973
10;1333026;973
10;1333027;973
10;1333028;973
10;1333204;973
11;506153;973
11;506154;973
11;506157;973
11;506158;973
11;506159;973
11;506160;973
11;506161;973
12;492351;973
13;463029;973
13;463030;973
13;463031;973
13;463032;973
13;463033;973
13;463034;973
13;463035;973
13;463036;973
13;463037;973
13;463038;973
1;1;1